[
    {
        "fullname": "Nguyễn Văn Anh",
        "date_of_birth": "01/01/1991",
        "gender": "Nam",
        "nationality": "Việt Nam",
        "citizen_id": "143456782984",
        "hometown": "Hà Nội",
        "offense_type": "Hình sự",
        "criminal_behaviors": "Trộm cắp tài sản nhà nước",
        "id": 1
    },
    {
        "fullname": "Lê Minh Mẫn",
        "date_of_birth": "29/01/2004",
        "gender": "Khác",
        "nationality": "Việt Nam",
        "citizen_id": "278091221301",
        "hometown": "An Giang",
        "offense_type": "Hình sự",
        "criminal_behaviors": "Hiếp dâm, giết người phân xác, cướp của",
        "id": 2
    },
    {
        "fullname": "Nguyễn Thị Lan Anh",
        "date_of_birth": "12/05/1985",
        "gender": "Nữ",
        "nationality": "Việt Nam",
        "citizen_id": "987654321098",
        "hometown": "Thái Bình",
        "offense_type": "Dân sự",
        "criminal_behaviors": "Trộm cắp tài sản",
        "id": 3
    },
    {
        "fullname": "Phạm Văn Bình",
        "date_of_birth": "03/08/1992",
        "gender": "Nam",
        "nationality": "Việt Nam",
        "citizen_id": "876543210987",
        "hometown": "Hà Nội",
        "offense_type": "Hành chính",
        "criminal_behaviors": "Đua xe trái phép trên đường phố, đe dọa an toàn giao thông và gây nguy hiểm cho cộng đồng.",
        "id": 4
    },
    {
        "fullname": "Trần Thị Hương",
        "date_of_birth": "15/09/1980",
        "gender": "Nữ",
        "nationality": "Việt Nam",
        "citizen_id": "123456789012",
        "hometown": "Hải Phòng",
        "offense_type": "Hình sự",
        "criminal_behaviors": "Tham gia vào hoạt động buôn bán ma túy và cướp giật tài sản của người dân.",
        "id": 5
    },
    {
        "fullname": "Lê Quang Minh",
        "date_of_birth": "02/04/1996",
        "gender": "Nam",
        "nationality": "Việt Nam",
        "citizen_id": "987654321012",
        "hometown": "Hồ Chí Minh",
        "offense_type": "Thuế",
        "criminal_behaviors": "Trốn thuế, gây ra tổn thất cho ngân sách quốc gia và gây ra bất ổn xã hội.",
        "id": 6
    },
    {
        "fullname": "Nguyễn Thị Loan",
        "date_of_birth": "07/11/1988",
        "gender": "Nữ",
        "nationality": "Việt Nam",
        "citizen_id": "123987456012",
        "hometown": "Đà Nẵng",
        "offense_type": "Lao động",
        "criminal_behaviors": "Sử dụng người lao động là trẻ vị thành niên (dưới 16 tuổi)",
        "id": 7
    },
    {
        "fullname": "Trần Văn Đức",
        "date_of_birth": "20/10/1990",
        "gender": "Nam",
        "nationality": "Việt Nam",
        "citizen_id": "789654123012",
        "hometown": "Nghệ An",
        "offense_type": "Hình sự",
        "criminal_behaviors": "Tham gia vào mạng lưới buôn bán người và đánh bạc trá hình, gây ra nguy hiểm và hậu quả nghiêm trọng cho xã hội.",
        "id": 8
    },
    {
        "fullname": "Lê Thị Hằng",
        "date_of_birth": "25/06/1982",
        "gender": "Nữ",
        "nationality": "Việt Nam",
        "citizen_id": "654321987012",
        "hometown": "Thanh Hóa",
        "offense_type": "Hình sự",
        "criminal_behaviors": "Lưu trữ, mua bán trái phép chất ma túy",
        "id": 9
    },
    {
        "fullname": "Nguyễn Văn Tuấn",
        "date_of_birth": "18/12/1975",
        "gender": "Nam",
        "nationality": "Việt Nam",
        "citizen_id": "321654987012",
        "hometown": "Bình Định",
        "offense_type": "Doanh nghiệp",
        "criminal_behaviors": "Thao túng hoạt động doanh nghiệp, gây thất thoát ngân sách nhà nước",
        "id": 10
    },
    {
        "fullname": "Trần Văn Đạt",
        "date_of_birth": "02/03/1976",
        "gender": "Nam",
        "nationality": "Việt Nam",
        "citizen_id": "012345678910",
        "hometown": "Quảng Bình",
        "offense_type": "Hành chính",
        "criminal_behaviors": "Vi phạm quy định về môi trường",
        "id": 11
    },
    {
        "fullname": "Nguyễn Thị Mai",
        "date_of_birth": "05/06/1989",
        "gender": "Nữ",
        "nationality": "Việt Nam",
        "citizen_id": "802467913581",
        "hometown": "Hưng Yên",
        "offense_type": "Hình sự",
        "criminal_behaviors": "Giết người",
        "id": 12
    },
    {
        "fullname": "Nguyễn Văn Dũng",
        "date_of_birth": "17/01/1963",
        "gender": "Nam",
        "nationality": "Việt Nam",
        "citizen_id": "890123456798",
        "hometown": "Nam Định",
        "offense_type": "Thuế",
        "criminal_behaviors": "Gian lận thuế",
        "id": 13
    },
    {
        "fullname": "Nguyễn Thị Thanh",
        "date_of_birth": "11/11/1990",
        "gender": "Nữ",
        "nationality": "Việt Nam",
        "citizen_id": "135792468012",
        "hometown": "Hà Tĩnh",
        "offense_type": "Hình sự",
        "criminal_behaviors": "Phản bội tổ quốc",
        "id": 14
    },
    {
        "fullname": "Phạm Văn Phúc",
        "date_of_birth": "08/07/2004",
        "gender": "Nam",
        "nationality": "Việt Nam",
        "citizen_id": "246801357909",
        "hometown": "Đồng Nai",
        "offense_type": "Hình sự",
        "criminal_behaviors": "Trốn nghĩa vụ quân sự",
        "id": 15
    }
]